site	chr	pos	ref	A1	C1	G1	T1	A2	C2	G2	T2	A3	C3	G3	T3	A4	C4	G4	T4	A5	C5	G5	T5	A6	C6	G6	T6	A7	C7	G7	T7	A8	C8	G8	T8	A9	C9	G9	T9	A10	C10	G10	T10	A11	C11	G11	T11	A12	C12	G12	T12	primer	amplicon	LRT.wit.1	LRT.wit.2	LRT.wit.both	LRT.bet	AmpOffset	Alt	Context	Func.refGene	Gene.refGene	ExonicFunc.refGene	AAChange.refGene	dgv	genomicSuperDups	esp6500_all	1000g2012apr_all	snp137	cosmic61	LJB_PhyloP	LJB_PhyloP_Pred	LJB_SIFT	LJB_SIFT_Pred	LJB_PolyPhen2	LJB_PolyPhen2_Pred	LJB_LRT	LJB_LRT_Pred	LJB_MutationTaster	LJB_MutationTaster_Pred	LJB_GERP++	avsift	Otherinfo
12498	chr3	178916867	A	35659	1	34	1	41899	1	43	2	44212	6	48	8	37194	1	34	2	45502	0	63	1	41650	2	58	2	51532	4	58	5	41590	40	55	0	49686	0	63	4	48298	2	54	1	37194	0	26	1	42830	1	74	3	357;358	357;358	8.98255664411925	1.29979138941567	11.0101969590926	3.23679315454559	142/161,66/154	C	TGAAA	exonic	PIK3CA	nonsynonymous SNV	PIK3CA:NM_006218:exon2:c.A254C:p.E85A	.	.	.	.	.	.	0.998465	C	0.958586	NA	0.999	D	1.0	D	0.996068	D	5.09	0	.
12530	chr3	178916899	C	0	17131	1	9	0	19810	3	6	0	20959	0	6	0	17737	0	6	0	21321	0	8	0	18940	0	7	0	25267	1	6	27	19646	0	8	1	23118	0	5	1	23759	0	17	1	17880	0	4	0	20247	0	3	358	357;358	7.61029908046285	0.488684247185593	7.43395869608205	1.52340914537165	98/154	A	TTCAA	exonic	PIK3CA	nonsynonymous SNV	PIK3CA:NM_006218:exon2:c.C286A:p.Q96K	.	.	.	.	.	.	0.998773	C	0.825471	NA	0.361	P	1.0	D	0.998421	D	5.17	1	.
12842	chr3	178921427	A	34596	113	29	2	39100	130	30	2	38325	125	21	1	35084	105	34	1	41672	129	30	1	41911	114	30	2	50077	125	34	3	40513	113	19	4	42258	78	24	2	45304	80	28	3	36510	61	13	3	43671	99	19	1	661;359	661;359	0.157232056227811	0.248994687841898	2.60080699708193	6.4011233391801	1/155,33/168	C	ACAAT	exonic	PIK3CA	synonymous SNV	PIK3CA:NM_006218:exon5:c.A909C:p.T303T	.	.	.	.	.	.	.	.	.	.	.	.	.	.	.	.	.	.	.
13005	chr3	178922222	G	4	0	16377	77	15	1	18555	56	4	0	19780	67	6	0	17324	28	21	1	19723	57	6	0	18078	49	7	1	24110	54	9	0	19332	24	38	0	18303	74	7	2	19562	124	4	0	14454	67	3	0	16651	32	360	360	3.83945736749526	8.28243492675882	13.5193492630919	4.73344992358826	11/158	T	GAGTC	intronic	PIK3CA	.	.	Name=110738,59111	.	.	0.22	rs3729676	.	.	.	.	.	.	.	.	.	.	.	.	.	.
13018	chr3	178922235	G	6	0	16381	0	6	0	18559	1	12	0	19742	0	10	0	17273	0	6	0	19709	1	7	0	18054	1	10	1	24037	0	16	0	19272	1	5	0	18309	32	11	0	19624	0	3	0	14483	0	10	2	16610	3	360	360	0.0786155261508868	6.70180212456426	7.99324197591216	6.61282120056883	24/158	T	GTGTG	intronic	PIK3CA	.	.	Name=110738,59111	.	.	.	.	.	.	.	.	.	.	.	.	.	.	.	.	.	.
13151	chr3	178927320	C	0	15222	0	83	1	17827	0	116	0	17966	3	109	3	15909	1	73	0	19123	3	100	1	17956	1	99	0	22318	0	141	2	17770	0	104	0	22290	3	94	2	21438	0	73	1	16409	1	39	2	17733	0	56	361	361	0.578473352418593	0.884747987580451	4.25135687847254	6.63393937786298	1/155	T	GTCAT	intronic	PIK3CA	.	.	.	.	.	.	.	.	.	.	.	.	.	.	.	.	.	.	.	.	.
13391	chr3	178928055	C	0	13730	0	6	0	16029	0	4	0	16488	0	38	0	13561	0	6	0	17828	0	38	1	14779	1	15	2	20339	0	2	1	16041	0	3	0	18753	1	3	0	19529	0	1	0	14935	0	12	0	16490	0	1	362	362	6.43867793555265	1.11478475541232	8.84775286672133	3.85943461544503	88/134	T	ATCTT	exonic	PIK3CA	nonsynonymous SNV	PIK3CA:NM_006218:exon8:c.C1333T:p.L445F	.	.	.	.	.	.	0.998926	C	0.864632	NA	0.548	P	1.0	D	0.999882	D	5.29	0.06	.
13435	chr3	178928099	T	1	8	181	13698	3	10	233	15994	1	12	223	16365	0	11	191	13573	1	15	264	17672	0	14	215	15018	4	13	281	20221	3	15	194	16078	2	9	167	18636	3	16	162	19450	2	6	112	14940	1	5	162	16434	362	362	0.10396798924873	0.337865652463279	6.12313606947067	11.7918020433126	132/134	G	ATTGG	exonic	PIK3CA	nonsynonymous SNV	PIK3CA:NM_006218:exon8:c.T1377G:p.I459M	.	.	.	.	.	.	0.997972	C	0.896743	NA	0.702	P	0.999984	D	0.99963	D	5.29	0.5	.
13442	chr3	178936018	C	2	18416	1	9	0	19547	1	7	6	20786	1	7	2	18184	2	5	2	23375	5	9	2	21289	0	8	6	27932	2	13	3	22691	0	8	2	25028	1	77	2	23575	3	3	3	18450	1	10	4	21210	0	7	363	363	0.194268083438119	10.3618526889204	10.1515493027273	4.85280443814658	7/126	T	GACAA	exonic	PIK3CA	synonymous SNV	PIK3CA:NM_006218:exon10:c.C1560T:p.D520D	.	Score=0.979452;Name=chr22:17049389	.	.	.	.	.	.	.	.	.	.	.	.	.	.	.	.	.
13516	chr3	178936092	A	18139	227	26	1	19220	247	39	2	20536	172	36	4	17929	203	21	3	23078	222	39	0	21081	150	27	2	27580	270	47	1	22390	239	26	2	24562	472	31	2	23039	411	73	4	18192	197	21	18	20907	244	28	3	363	363	2.92121101450208	11.8883517850794	24.4194300773285	14.8457477055164	81/126	C	TGAGC	exonic	PIK3CA	nonsynonymous SNV	PIK3CA:NM_006218:exon10:c.A1634C:p.E545A	.	Score=0.979452;Name=chr22:17049389	.	.	rs121913274	ID=COSM12458,COSM297145;OCCURENCE=27(ovary),27(breast),1(NS),1(stomach),2(soft_tissue),1(pancreas),1(liver),4(oesophagus),1(prostate),2(lung),3(thyroid),12(large_intestine),4(central_nervous_system),6(endometrium)	0.998919	C	0.95864	NA	0.998	D	1.0	D	0.999978	D	5.43	0	.
13717	chr3	178937051	G	168	5	17887	7	238	4	19451	5	233	13	20651	1	173	6	18190	7	202	5	21197	3	187	2	20803	3	261	4	24607	1	177	7	19729	5	134	4	21621	4	113	4	23339	2	98	8	17859	1	118	11	20791	2	364	364	1.20565293626024	0.376799707886866	11.5084367630223	15.8319435509815	158/160	A	GAGAT	exonic	PIK3CA	nonsynonymous SNV	PIK3CA:NM_006218:exon11:c.G1732A:p.D578N	.	Score=0.979452;Name=chr22:17049389	.	.	.	.	0.999656	C	0.94695	NA	0.942	D	0.999999	D	0.999573	D	5.32	0.01	.
13718	chr3	178937670	T	1	249	0	9310	0	276	2	10871	1	285	0	11188	3	216	1	9283	0	287	1	11468	2	281	0	10496	0	424	0	14176	1	258	0	11064	0	260	2	13135	2	174	1	12316	1	158	1	9040	0	185	0	10226	365	365	0.594379695451793	0.847485979797518	7.01603152762367	10.5546598949145	1/144	C	TCTGA	intronic	PIK3CA	.	.	.	Score=0.979452;Name=chr22:17049389	.	.	.	.	.	.	.	.	.	.	.	.	.	.	.	.	.
13788	chr3	178937740	C	0	9545	0	9	0	11091	0	1	0	11452	0	5	1	9464	0	2	1	11734	0	4	1	10743	0	3	0	14537	0	3	1	11288	0	18	0	13292	23	52	0	12458	0	1	2	9166	0	3	1	10413	0	9	365	365	0.822588452945255	12.6277042674071	16.731900465734	8.73310494335188	71/144	T	TCCTA	exonic	PIK3CA	synonymous SNV	PIK3CA:NM_006218:exon13:c.C1915T:p.L639L	.	Score=0.979452;Name=chr22:17049389	.	.	.	.	.	.	.	.	.	.	.	.	.	.	.	.	.
13860	chr3	178938776	C	3	28512	1	334	2	30846	2	355	5	30991	1	335	6	29342	1	320	4	31591	2	342	2	30902	0	307	5	38985	2	419	6	30642	1	302	5	36812	0	314	2	37664	1	296	1	27477	0	204	2	30395	2	204	366	366	0.05869459073116	0.529635221517862	4.79943049825444	9.86403427924884	1/131	T	ATCTG	exonic	PIK3CA	nonsynonymous SNV	PIK3CA:NM_006218:exon14:c.C2018T:p.S673F	.	Score=0.979452;Name=chr22:17049389	.	.	.	.	0.998103	C	0.957767	NA	0.994	D	0.999995	D	0.999972	D	4.76	0	.
13885	chr3	178938801	C	9	28802	2	24	2	31173	0	22	1	31317	0	9	2	29675	0	14	2	31902	0	20	1	31142	0	16	1	39414	2	13	2	30961	0	17	0	37070	39	14	0	37946	2	5	0	27679	0	10	1	30618	1	9	366	366	0.925908634803016	7.4021790869615	13.0507666333753	9.72366463879918	26/131	G	AGCCA	exonic	PIK3CA	nonsynonymous SNV	PIK3CA:NM_006218:exon14:c.C2043G:p.S681R	.	Score=0.979452;Name=chr22:17049389	.	.	.	.	0.216755	N	0.716006	NA	0.0070	B	1.0	D	0.999793	D	-0.895	0.05	.
13890	chr3	178938806	G	5	0	28945	0	25	1	31284	1	8	0	31419	1	8	0	29765	2	11	0	32024	0	15	1	31299	1	20	0	39536	3	8	0	31042	0	79	0	37163	0	17	0	38074	0	6	0	27772	0	6	0	30723	2	366	366	0.653031660311569	8.90116843881543	8.66886846327539	3.2062813724093	31/131	A	GAGGT	exonic	PIK3CA	nonsynonymous SNV	PIK3CA:NM_006218:exon14:c.G2048A:p.R683K	.	Score=0.979452;Name=chr22:17049389	.	.	.	.	0.999289	C	0.956545	NA	0.988	D	1.0	D	0.99961	D	4.76	0.05	.
13895	chr3	178938811	G	17	0	28729	6	15	1	31054	3	20	1	31174	3	16	0	29582	0	8	0	31775	2	91	0	30971	2	13	2	39309	2	5	0	30852	1	13	0	36969	1	16	0	37920	1	39	0	27513	2	24	0	30500	0	366	366	12.860910183615	1.83023021415926	13.2370129280545	0.743653342400549	36/131	A	TTGGC	exonic	PIK3CA	nonsynonymous SNV	PIK3CA:NM_006218:exon14:c.G2053A:p.G685S	.	Score=0.979452;Name=chr22:17049389	.	.	.	.	0.999289	C	0.775655	NA	0.122	B	1.0	N	0.99981	D	4.76	0.01	.
13948	chr3	178938864	G	16	0	28760	0	32	0	31079	0	18	0	31229	3	14	2	29579	1	13	0	31838	0	8	0	31163	2	12	3	39224	25	17	4	30861	1	18	1	37004	0	16	0	37903	3	8	1	27587	2	12	1	30564	0	366	366	6.17597364150536	0.304606946108138	5.63825533887572	1.19157423799954	89/131	T	CTGAA	exonic	PIK3CA	synonymous SNV	PIK3CA:NM_006218:exon14:c.G2106T:p.L702L	.	Score=0.979452;Name=chr22:17049389	.	.	.	.	.	.	.	.	.	.	.	.	.	.	.	.	.
13989	chr3	178941789	A	22499	228	14	2	27008	261	21	3	27290	224	18	2	24282	206	13	3	27475	284	12	1	26477	215	15	4	35365	325	26	0	28352	250	26	2	29556	182	21	3	28720	167	15	1	23092	111	14	1	25424	146	20	1	367	367	0.415878020947884	0.150370679913542	6.95299476686225	12.196381012384	1/158	C	TCATG	intronic	PIK3CA	.	.	.	.	.	.	.	.	.	.	.	.	.	.	.	.	.	.	.	.	.
14120	chr3	178941920	G	14	1	22560	4	13	1	27056	2	37	2	27248	3	8	0	24251	1	8	2	27521	6	10	2	26473	6	17	5	35300	6	11	1	28346	3	74	2	29443	4	23	3	28628	6	8	3	22977	25	10	2	25364	2	367	367	1.23786869357556	9.43991729801017	11.1154792164365	4.53689051241434	132/158	A	ATGCT	exonic	PIK3CA	nonsynonymous SNV	PIK3CA:NM_006218:exon15:c.G2239A:p.A747T	.	.	.	.	.	.	0.999731	C	0.903827	NA	0.735468	NA	1.0	D	0.999838	D	5.49	0.08	.
14258	chr3	178947849	C	3	23312	0	11	0	25969	1	8	3	26253	0	10	1	25917	0	3	3	25592	0	7	1	26559	1	7	1	32585	2	6	3	25882	0	27	1	31134	36	9	3	33187	0	21	0	23964	0	5	0	26134	1	18	368	368	1.42478928845274	8.71929671581997	12.1915521496268	6.30554556058301	114/159	G	ACCTT	exonic	PIK3CA	synonymous SNV	PIK3CA:NM_006218:exon19:c.C2724G:p.T908T	.	.	.	.	.	.	.	.	.	.	.	.	.	.	.	.	.	.	.
14263	chr3	178947854	T	0	24	0	23446	1	29	1	26175	0	33	1	26433	0	28	0	26063	1	17	1	25746	0	36	2	26709	0	29	0	32791	0	12	33	26044	0	19	1	31359	1	17	1	33414	0	12	0	24131	0	16	1	26339	368	368	8.76172196892293	0.0471860216582824	9.42822757011294	3.75431392830769	119/159	G	CATTT	exonic	PIK3CA	nonsynonymous SNV	PIK3CA:NM_006218:exon19:c.T2729G:p.I910S	.	.	.	.	.	.	0.969312	C	0.954159	NA	0.983	D	1.0	D	0.999992	D	4.03	0	.
14515	chr3	178952087	C	3	14848	4	5	2	16453	2	8	3	17515	3	6	0	14833	3	10	0	17734	1	5	1	16610	1	8	2	20583	3	12	1	16739	3	7	0	22552	1	9	2	22285	1	32	0	13917	2	1	1	16608	22	7	370	370	0.0741470804757092	6.63714805816631	4.2232896442527	1.46947331372618	75/155	G	ATCAT	exonic	PIK3CA	nonsynonymous SNV	PIK3CA:NM_006218:exon21:c.C3142G:p.H1048D	.	.	.	.	.	ID=COSM249881;OCCURENCE=1(stomach)	0.999329	C	0.954676	NA	0.979	D	1.0	D	0.999763	D	5.73	0.76	.
38360	chr7	140439690	A	25850	36	22	6	29269	28	30	3	32634	40	40	4	26253	99	25	3	33496	58	33	1	35652	56	40	4	39129	130	45	4	32912	39	24	4	31132	57	33	6	33264	46	20	5	33146	50	31	7	31561	36	34	9	52	52	7.40979377699569	0.393068742482429	7.26012930815768	1.70856224638751	126/135	C	TTACT	exonic	BRAF	nonsynonymous SNV	BRAF:NM_004333:exon17:c.T2049G:p.S683R	.	.	.	.	.	.	0.977563	C	0.99	D	0.925	D	1.0	D	0.999989	D	4.0	0	.
38367	chr7	140439697	A	25962	113	78	144	29365	166	103	180	32725	172	138	202	26538	185	101	488	33604	163	104	205	35785	178	138	262	39451	273	162	602	32964	157	131	206	31192	185	110	222	33383	183	100	186	33282	187	99	272	31685	153	101	176	52	52	51.2486165911154	1.65061812123641	56.0271928368524	7.16017366677855	133/135	T	GTACC	exonic	BRAF	nonsynonymous SNV	BRAF:NM_004333:exon17:c.T2042A:p.V681E	.	.	.	.	.	.	0.998555	C	1.0	D	0.923	D	1.0	D	0.999998	D	5.14	0	.
38428	chr7	140453128	G	4	0	18840	0	23	0	20710	0	7	0	22383	0	11	1	20216	0	37	1	23129	0	24	0	23506	0	12	1	27870	1	18	0	23197	0	9	3	25821	31	12	1	26530	2	17	0	20852	1	4	2	22260	0	53	53	1.74792911754635	6.28922288400552	12.2319792821287	8.45525436959072	61/160	T	TCGAG	exonic	BRAF	synonymous SNV	BRAF:NM_004333:exon15:c.C1807A:p.R603R	.	.	.	.	.	ID=COSM33729;OCCURENCE=4(endometrium)	.	.	.	.	.	.	.	.	.	.	.	.	.
38437	chr7	140453137	C	0	18746	1	10	0	20656	0	7	1	22262	0	12	2	20135	0	3	0	23030	3	5	1	23396	0	4	1	27768	0	13	0	23118	0	4	1	25745	0	7	49	26376	0	6	0	20773	0	11	0	22169	1	5	53	53	0.562971126148026	10.8845303890013	14.3863311453105	8.38689307373926	70/160	A	CACTG	exonic	BRAF	nonsynonymous SNV	BRAF:NM_004333:exon15:c.G1798T:p.V600L	.	.	.	.	rs121913378	ID=COSM1130;OCCURENCE=5(stomach),4(skin),8(prostate),2(large_intestine),1(central_nervous_system)	0.999209	C	0.98	D	0.511	P	1.0	D	0.999196	D	5.58	0.01	.
38467	chr7	140453167	C	1	18835	0	14	0	20686	2	9	0	22392	3	9	2	20214	1	10	2	23089	5	31	15	23429	1	48	1	27802	1	10	1	23213	3	11	1	25838	1	9	2	26550	1	7	1	20806	4	10	0	22227	1	9	53	53	6.38927782791592	0.178714041906906	6.66514107524178	2.61986157461737	100/160	T	TACTG	exonic	BRAF	nonsynonymous SNV	BRAF:NM_004333:exon15:c.G1768A:p.V590I	.	.	.	.	.	.	0.999209	C	1.0	D	0.895	D	1.0	D	0.999968	D	5.58	0.01	.
38693	chr7	140481395	G	5	2	29277	3	18	0	30548	7	12	5	29897	2	3	4	28673	2	10	1	33042	4	10	5	33858	3	11	5	37649	3	16	3	34002	0	5	1	36316	55	18	3	35624	2	9	1	29733	3	10	3	35449	3	55	55	0.836806873282057	9.68897091648565	11.6732066999207	5.74700112704328	11/135	T	TAGAC	exonic	BRAF	synonymous SNV	BRAF:NM_004333:exon11:c.C1413A:p.V471V	.	.	.	.	.	.	.	.	.	.	.	.	.	.	.	.	.	.	.
38701	chr7	140481403	C	12	29022	46	17	16	30285	48	38	15	29655	52	11	13	28409	52	16	20	32746	58	21	18	33462	168	23	25	37362	53	15	18	33709	58	19	12	36064	63	16	20	35331	51	17	16	29464	53	15	30	35148	53	17	55	55	9.34274952612761	0.294185083770398	8.81036752268469	1.60532328540152	19/135	G	TCCAA	exonic	BRAF	nonsynonymous SNV	BRAF:NM_004333:exon11:c.G1405C:p.G469R	.	.	.	.	rs121913357	.	0.998904	C	1.0	D	1.0	D	1.0	D	1.0	D	5.27	0	.
38769	chr7	140481471	G	22	0	29178	3	17	1	30457	0	24	0	29815	1	13	0	28590	2	25	0	32932	1	12	0	33782	1	24	1	37513	2	14	0	33890	4	64	0	36180	2	25	2	35510	0	13	1	29608	17	19	0	35340	1	55	55	0.22976554582336	6.71353130261386	5.29141015492003	2.20707067097509	87/135	A	TCGAG	exonic	BRAF	nonsynonymous SNV	BRAF:NM_004333:exon11:c.C1337T:p.S446L	.	.	.	.	.	.	0.999699	C	1.0	D	0.954	D	1.0	D	0.999984	D	5.41	0	.
38771	chr7	140481473	G	12	0	29129	1	13	1	30386	2	18	1	29731	1	18	1	28522	4	15	1	32881	2	10	1	33688	4	16	1	37415	1	13	1	33806	0	69	2	36116	0	10	1	35441	2	9	1	29527	1	66	1	35187	2	55	55	0.0644213920899006	7.49645315288676	8.29651025243671	6.23815798593525	89/135	A	GAGTC	exonic	BRAF	synonymous SNV	BRAF:NM_004333:exon11:c.C1335T:p.D445D	.	.	.	.	.	.	.	.	.	.	.	.	.	.	.	.	.	.	.
38815	chr7	140481517	C	46	29051	4	14	52	30335	3	14	41	29681	8	15	48	28462	4	8	51	32823	4	9	60	33594	7	21	77	37317	9	14	54	33733	12	11	25	36112	4	21	32	35388	4	25	21	29525	6	14	25	35208	8	21	55	55	0.16855360110171	0.0664796723067984	2.93284782136248	7.39817262719279	133/135	A	GTCAA	intronic	BRAF	.	.	.	.	.	.	.	.	.	.	.	.	.	.	.	.	.	.	.	.	.
38955	chr7	140500269	G	14	0	20514	1	8	0	22955	0	4	9	21992	0	8	0	21999	0	22	0	23904	11	4	0	25686	0	4	1	28720	1	14	3	24764	16	43	0	23536	0	7	0	25674	0	3	0	22248	1	7	0	26290	3	56	56	7.9365158683337	5.16745927525602	13.297120401722	2.65938773069384	140/156	A	GAGAC	exonic	BRAF	synonymous SNV	BRAF:NM_004333:exon7:c.C873T:p.V291V	.	.	.	.	.	.	.	.	.	.	.	.	.	.	.	.	.	.	.
38969	chr7	140500283	T	0	27	229	20243	3	24	237	22659	2	27	238	21709	3	17	215	21749	5	21	242	23633	1	23	254	25371	1	32	328	28325	6	24	218	24488	2	19	204	23293	0	20	186	25415	1	19	156	22063	1	23	199	26007	56	56	0.440398499667912	0.169720328551528	2.98701025559139	6.28436822412013	154/156	G	ACTGT	splicing	BRAF(NM_004333:exon8:c.861-2A>C)	.	.	.	.	.	.	.	.	.	.	.	.	.	.	.	.	.	.	.	.	.
39014	chr7	140508732	G	4	0	18384	0	5	0	19748	0	18	0	19906	1	5	0	18388	0	5	0	20475	0	8	0	20761	0	13	0	26150	1	8	2	22366	0	5	0	26439	0	34	0	25177	3	6	0	19210	17	4	1	22278	0	57	57	0.365725505853137	6.97347327059811	6.6916276633476	3.42404906940999	45/133	A	TAGAC	exonic	BRAF	synonymous SNV	BRAF:NM_004333:exon4:c.C568T:p.L190L	.	.	.	.	.	.	.	.	.	.	.	.	.	.	.	.	.	.	.
54435	chr12	25380282	G	9	0	21114	0	19	105	22472	3	9	2	23840	1	6	0	20735	2	17	0	24909	1	14	0	24228	1	10	0	30094	2	18	0	24457	2	8	0	28623	2	13	0	28903	3	15	0	22744	1	9	1	25435	0	228	228	40.0711096152847	0.333384282270545	45.2818627835688	9.36230142197286	103/144	C	CTGCT	exonic	KRAS	nonsynonymous SNV	KRAS:NM_004985:exon3:c.C176G:p.A59G,KRAS:NM_033360:exon3:c.C176G:p.A59G	.	.	.	.	.	.	0.999776	C	1.0	D	0.714	P	1.0	D	0.999951	D	5.64	0	.
54476	chr12	25398176	A	30970	351	69	2	35174	431	58	4	37380	423	60	4	34535	403	52	1	40185	422	62	3	40794	514	75	0	46162	488	120	2	36480	337	79	2	38425	365	71	2	41735	357	58	0	36381	245	67	4	40455	309	72	1	229	229	2.02078786893039	1.68307313706614	10.1314191293108	10.7838908988375	2/135	C	GCACC	intronic	KRAS	.	.	.	.	.	.	.	.	.	.	.	.	.	.	.	.	.	.	.	.	.
54496	chr12	25398196	A	31560	2	28	1	35851	3	19	0	38062	1	37	0	35173	0	18	0	40871	1	24	0	41586	0	33	0	47008	2	44	1	37048	0	44	25	39058	2	17	0	42378	1	24	2	36898	0	20	1	41050	0	23	2	229	229	7.4966167321824	0.189236405535966	7.20457195781786	1.95087778784688	22/135	T	AAAAC	intronic	KRAS	.	.	.	.	.	.	.	.	.	.	.	.	.	.	.	.	.	.	.	.	.
54501	chr12	25398201	G	6	1	31512	1	34	2	35758	0	4	0	37983	2	6	0	35112	0	40	0	40735	2	38	0	41499	0	12	0	46924	3	6	1	37018	1	8	0	38981	2	38	0	42268	0	14	1	36832	1	18	0	40967	0	229	229	6.0110764809507	1.5838768315654	6.10728228848229	0.108879237505327	27/135	A	AAGAT	intronic	KRAS	.	.	.	.	.	.	.	.	.	.	.	.	.	.	.	.	.	.	.	.	.
54584	chr12	25398284	C	2	31446	1	45	0	35613	0	174	9	37785	1	158	1	35053	0	13	0	40754	3	15	19	41414	1	53	1	46854	0	21	4	37002	2	15	2	38927	0	11	3	42255	0	19	3	36759	0	12	4	40940	0	14	229	229	48.2714836175092	0.00926055717604977	61.9764838603515	19.535599582235	110/135	T	CACCA	exonic	KRAS	nonsynonymous SNV	KRAS:NM_004985:exon2:c.G35A:p.G12D,KRAS:NM_033360:exon2:c.G35A:p.G12D	.	.	.	.	rs121913529	ID=COSM520;OCCURENCE=213(ovary),4(breast),3(NS),28(haematopoietic_and_lymphoid_tissue),25(stomach),4(soft_tissue),2(kidney),10(urinary_tract),1041(pancreas),5(liver),4(peritoneum),1(oesophagus),1(autonomic_ganglia),18(skin),38(prostate),647(lung),4(cervix),11(thyroid),3(upper_aerodigestive_tract),6(testis),3242(large_intestine),2(thymus),1(eye),1(central_nervous_system),95(biliary_tract),11(small_intestine),78(endometrium)	0.998873	C	1.0	D	0.657	P	1.0	D	0.999991	D	5.24	0	.
